name|parent|paperCount
All Topics|
Impacts of Climate Change on Marine Fisheries|Global and Planetary Change|668
Global and Planetary Change|Environmental Science
Environmental Science|Physical Sciences
Physical Sciences|All Topics
Impact of Aquaculture on Marine Ecosystems and Food Supply|Global and Planetary Change|276
Resilience of Coral Reef Ecosystems to Climate Change|Ecology|765
Ecology|Environmental Science
Climate Change and Variability Research|Global and Planetary Change|140
Global Methane Emissions and Impacts|Global and Planetary Change|79
Numerical Weather Prediction Models|Atmospheric Science|23
Atmospheric Science|Earth and Planetary Sciences
Earth and Planetary Sciences|Physical Sciences
Marine Biogeochemistry and Ecosystem Dynamics|Oceanography|462
Oceanography|Earth and Planetary Sciences
Arctic Sea Ice Variability and Decline|Atmospheric Science|148
Oceanic Modeling and Circulation Studies|Oceanography|211
Microbial Nitrogen Cycling in Wastewater Treatment Systems|Pollution|7
Pollution|Environmental Science
Marine Microbial Diversity and Biogeography|Ecology|156
Marine Biodiversity and Ecosystem Functioning|Oceanography|624
Impact of Climate Change on Human Migration|Sociology and Political Science|55
Sociology and Political Science|Social Sciences (Field)
Social Sciences (Field)|Social Sciences (Domain)
Social Sciences (Domain)|All Topics
Tropical Cyclone Intensity and Climate Change|Atmospheric Science|126
Multiscale Seafloor Mapping and Classification Techniques|Oceanography|82
Anaerobic Methane Oxidation and Gas Hydrates|Environmental Chemistry|149
Environmental Chemistry|Environmental Science
High-Resolution Seismic Noise Tomography|Geophysics|6
Geophysics|Earth and Planetary Sciences
Importance of Marine Spatial Planning in Ecosystem Management|Management, Monitoring, Policy and Law|321
Management, Monitoring, Policy and Law|Environmental Science
Sustainability Assessment and Impact Evaluation|Management, Monitoring, Policy and Law|19
Microplastic Pollution in Marine and Terrestrial Environments|Pollution|138
Geological Evolution of South China Sea|Geology|21
Geology|Earth and Planetary Sciences
Climate Change and Paleoclimatology|Atmospheric Science|176
Human Settlement in the Pacific Islands|Geography, Planning and Development|9
Geography, Planning and Development|Social Sciences (Field)
Ecological Dynamics of Marine Environments|Oceanography|382
Ecology and Conservation of Marine Mammals|Ecology|282
Global Diversity of Microbial Eukaryotes and Their Evolution|Molecular Biology|40
Molecular Biology|Biochemistry, Genetics and Molecular Biology
Biochemistry, Genetics and Molecular Biology|Life Sciences
Life Sciences|All Topics
Impact of Ocean Acidification on Marine Ecosystems|Oceanography|245
Avian Ecology and Climate Change Impacts|Ecology|49
Wildlife Ecology and Conservation Biology|Ecology|33
Maritime Archaeology in the Mediterranean Sea|Archeology|18
Archeology|Arts and Humanities
Arts and Humanities|Social Sciences (Domain)
Underwater Acoustic Sensor Networks and Communication|Ocean Engineering|12
Ocean Engineering|Engineering
Engineering|Physical Sciences
Maritime Transportation Safety and Risk Analysis|Ocean Engineering|10
Atmospheric Aerosols and their Impacts|Atmospheric Science|35
Carbon Dioxide Capture and Storage Technologies|Mechanical Engineering|2
Mechanical Engineering|Engineering
Machine Learning for Earthquake Early Warning Systems|Artificial Intelligence|1
Artificial Intelligence|Computer Science
Computer Science|Physical Sciences
Community Resilience to Natural Disasters|Sociology and Political Science|20
Management and Reproducibility of Scientific Workflows|Information Systems and Management|2
Information Systems and Management|Decision Sciences
Decision Sciences|Social Sciences (Domain)
Hydrologic Data Management and Analysis|Geology|2
Data Sharing and Stewardship in Science|Information Systems|1
Information Systems|Computer Science
Impacts of Climate Change on Glaciers and Water Availability|Atmospheric Science|42
Environmental DNA in Biodiversity Monitoring|Ecology|28
Species Distribution Modeling and Climate Change Impacts|Ecological Modeling|43
Ecological Modeling|Environmental Science
Dynamics of Ocean Surface Waves and Wind Interaction|Oceanography|33
Arctic Shipping and Governance|Sociology and Political Science|43
Sustainability Transitions and Resilience in Social-Ecological Systems|Global and Planetary Change|13
Volunteered Geographic Information and Geospatial Crowdsourcing|Geography, Planning and Development|2
Marine Invasions and Biodiversity Loss in Mediterranean Sea|Global and Planetary Change|113
Marine Genetic Resources and International Law|Management, Monitoring, Policy and Law|73
Indigenous Health Disparities and Decolonization|Health|2
Health|Social Sciences (Field)
Empowerment and Collaboration in Community Health|General Health Professions|6
General Health Professions|Health Professions
Health Professions|Health Sciences
Health Sciences|All Topics
Participatory Visual Research Methods in Social Science|Sociology and Political Science|1
Importance and Conservation of Freshwater Biodiversity|Nature and Landscape Conservation|79
Nature and Landscape Conservation|Environmental Science
Application of Stable Isotopes in Trophic Ecology|Ecology|195
Unmanned Aerial Vehicle Communications|Aerospace Engineering|1
Aerospace Engineering|Engineering
Governance of Global Value Chains and Production Networks|Strategy and Management|1
Strategy and Management|Business, Management and Accounting
Business, Management and Accounting|Social Sciences (Domain)
Frugal Innovation in Emerging Markets|Business and International Management|2
Business and International Management|Business, Management and Accounting
Conceptualizing the Circular Economy and Sustainable Supply Chains|Strategy and Management|2
Institutions and Economic Growth: Empirical Investigations and Theories|Economics and Econometrics|1
Economics and Econometrics|Economics, Econometrics and Finance
Economics, Econometrics and Finance|Social Sciences (Domain)
Determinants of Health Care Expenditure and Longevity|General Health Professions|1
Income Inequality and Poverty Dynamics|Sociology and Political Science|1
Health and Well-being of Arctic Indigenous Peoples|General Health Professions|14
Traceability in Food Supply Chain Management|Food Science|2
Food Science|Agricultural and Biological Sciences
Agricultural and Biological Sciences|Life Sciences
Breath Analysis Technology|Biomedical Engineering|3
Biomedical Engineering|Engineering
Wireless Home Automation Systems|Electrical and Electronic Engineering|1
Electrical and Electronic Engineering|Engineering
Length-Weight Relationships of Fish Species|Aquatic Science|18
Aquatic Science|Agricultural and Biological Sciences
Global Analysis of Ecosystem Services and Land Use|Global and Planetary Change|57
Impact of Nighttime Light Data on Various Fields|Global and Planetary Change|6
Spatial Microsimulation Models for Policy Analysis|Management Science and Operations Research|2
Management Science and Operations Research|Decision Sciences
Influence of Culture on Economic and Social Development|Demography|1
Demography|Social Sciences (Field)
Information and Communication Technology and Financial Access in Africa|Information Systems|1
Causes and Effects of Corruption|Sociology and Political Science|1
DNA Barcoding for Food Authentication and Fraud Detection|Molecular Biology|38
Food Safety and Hygiene Practices|Food Science|1
Challenges and Policy Implications of Biodiversity Offsets|Management, Monitoring, Policy and Law|6
Drivers and Impacts of Tropical Deforestation|Global and Planetary Change|37
Coastal Dynamics and Climate Change Impacts|Earth-Surface Processes|222
Earth-Surface Processes|Earth and Planetary Sciences
Climate Change and Environmental Science|Global and Planetary Change|3
Influence of Corporations on Public Health Policy|Organizational Behavior and Human Resource Management|4
Organizational Behavior and Human Resource Management|Business, Management and Accounting
Impact of Climate Change on Human Health|Health, Toxicology and Mutagenesis|9
Health, Toxicology and Mutagenesis|Environmental Science
Global Sea Level Variability and Change|Oceanography|37
Stable Isotope Analysis of Groundwater and Precipitation|Geochemistry and Petrology|16
Geochemistry and Petrology|Earth and Planetary Sciences
Global Flood Risk Assessment and Management|Global and Planetary Change|41
Climate Change and Environmental Impact|Global and Planetary Change|2
Stratospheric Chemistry and Climate Change Impacts|Atmospheric Science|7
Remote Sensing of Soil Moisture|Environmental Engineering|4
Environmental Engineering|Environmental Science
Real-time Water Quality Monitoring and Aquaculture Management|Water Science and Technology|9
Water Science and Technology|Environmental Science
Cryogenic Fluid Storage and Management|Aerospace Engineering|5
Environmental Impact of Maritime Transportation Emissions|Environmental Engineering|13
Advances in Chemical Sensor Technologies|Bioengineering|3
Bioengineering|Chemical Engineering
Chemical Engineering|Physical Sciences
Process Fault Detection and Diagnosis in Industries|Control and Systems Engineering|1
Control and Systems Engineering|Engineering
Ultrasonic Flow Measurement Techniques|Mechanics of Materials|1
Mechanics of Materials|Engineering
On-line Monitoring of Wastewater Quality|Industrial and Manufacturing Engineering (Environmental Science)|4
Industrial and Manufacturing Engineering (Environmental Science)|Environmental Science
Assessment of Surface Water Quality|Water Science and Technology|7
Analytical Chemistry Techniques|Analytical Chemistry|15
Analytical Chemistry|Chemistry
Chemistry|Physical Sciences
Electrochemical Detection of Heavy Metal Ions|Electrochemistry|1
Electrochemistry|Chemistry
Arctic Permafrost Dynamics and Climate Change|Atmospheric Science|21
Injuries in Alpine Skiing and Snowboarding|Pulmonary and Respiratory Medicine|5
Pulmonary and Respiratory Medicine|Medicine
Medicine|Health Sciences
Evolution and Diversity of Cnidarians and Jellyfish Blooms|Paleontology|16
Paleontology|Earth and Planetary Sciences
Harmful Algal Blooms and Marine Toxins|Environmental Chemistry|28
RNA Sequencing Data Analysis|Molecular Biology|25
Ecology and Evolution of Viruses in Ecosystems|Ecology|23
Epidemiology and Pathogenesis of Respiratory Viral Infections|Epidemiology|4
Epidemiology|Medicine
Optimizing Information Freshness in Communication Networks|Computer Networks and Communications|1
Computer Networks and Communications|Computer Science
Bacterial Pathogenesis in Animal and Human Health|Microbiology|1
Microbiology|Immunology and Microbiology
Immunology and Microbiology|Life Sciences
Eutrophication and Harmful Algal Blooms|Environmental Chemistry|32
Paleoceanography and Geology of the Black Sea|Oceanography|46
Cephalopod Biology and Behavior|Ecology, Evolution, Behavior and Systematics|35
Ecology, Evolution, Behavior and Systematics|Agricultural and Biological Sciences
Viral RNA Silencing and Plant Immunity|Plant Science|6
Plant Science|Agricultural and Biological Sciences
Metabolic Theory of Ecology and Climate Change Impacts|Ecology|26
Biogeochemical Cycling of Nutrients in Aquatic Ecosystems|Environmental Chemistry|30
Sponge-Associated Microorganisms and Biotechnological Potential|Biotechnology|36
Biotechnology|Biochemistry, Genetics and Molecular Biology
Population Genetic Structure and Dynamics|Genetics|24
Genetics|Biochemistry, Genetics and Molecular Biology
Conservation of Sharks and Rays|Nature and Landscape Conservation|85
Structure and Function of Nicotinic Receptors|Molecular Biology|3
Importance of Mangrove Ecosystems in Coastal Protection|Ecology|318
Ecological Impact of Freshwater Mussels|Ecology|21
Microbial Diversity in Antarctic Ecosystems|Ecology|29
Ecological Interactions of Parasites in Ecosystems|Ecology|13
Metabolism and Nutrition in Aquaculture Feeds|Aquatic Science|30
Genetic and Pathogenic Study of Plague Bacteria|Genetics|3
Snake Venom Evolution and Toxinology|Genetics|4
Viral Diseases in Livestock and Poultry|Animal Science and Zoology|1
Animal Science and Zoology|Agricultural and Biological Sciences
Impact of Pollinator Decline on Ecosystems and Agriculture|Ecology, Evolution, Behavior and Systematics|12
Anticipating Critical Transitions in Ecosystems|Global and Planetary Change|10
Discrete Choice Models in Economics and Health Care|Economics and Econometrics|20
Development of Antifouling Coatings for Marine Applications|Ocean Engineering|53
Impacts of Crayfish Invasions on Freshwater Ecosystems|Ecology|17
Food Security and Nutrition Research|Food Science|9
Environmental Impact of Heavy Metal Contamination|Pollution|28
Acid Mine Drainage Remediation and Biogeochemistry|Environmental Chemistry|2
Toxicology and Environmental Impacts of Mercury Contamination|Health, Toxicology and Mutagenesis|57
High-Value Components and Bioactives from Sea Cucumbers|Aquatic Science|14
Geochemistry of Manganese Oxides in Sedimentary Environments|Geochemistry and Petrology|33
Paleoredox and Paleoproductivity Proxies|Paleontology|18
Evolutionary Patterns in Subterranean Environments|Paleontology|1
Illegal Trade and Conservation of Parrots|Nature and Landscape Conservation|5
Global Impact of Sex Work and Trafficking|Sociology and Political Science|3
Statistical Computing and Data Analysis in R|Artificial Intelligence|1
Evolutionary Ecology of Animal Behavior and Traits|Ecology, Evolution, Behavior and Systematics|14
Biogeography and Conservation of Neotropical Freshwater Fishes|Nature and Landscape Conservation|2
Evolutionary History and Diversity of Dinosaurs|Paleontology|2
Endocrine Disruption by Chemical Exposure|Health, Toxicology and Mutagenesis|20
Antibiotic Resistance in Aquatic Environments and Wastewater|Pollution|56
Conservation and Management of Marine Turtles Worldwide|Nature and Landscape Conservation|50
Avian Vocal Communication and Evolutionary Implications|Developmental Biology|37
Developmental Biology|Biochemistry, Genetics and Molecular Biology
Impact of Persistent Organic Pollutants on Environment and Health|Health, Toxicology and Mutagenesis|51
Assessment of Animal Welfare in Various Species|Small Animals|1
Small Animals|Veterinary
Veterinary|Health Sciences
Affective Geographies and Multispecies Ethnography|Geography, Planning and Development|1
Factors Affecting Meat Quality and Preservation|Animal Science and Zoology|1
Physiological Effects of Space Travel and Microgravity|Physiology (Medicine)|1
Physiology (Medicine)|Medicine
Integrating Ecology and Environmental Ethics for Earth Stewardship|Ecology|4
Rabies Virus Transmission and Control|Virology|3
Virology|Immunology and Microbiology
Interdisciplinary Study of Islands and Island Nations|Demography|26
Global Amphibian Declines and Extinctions|Global and Planetary Change|35
Evolution of Social Behavior in Primates|Social Psychology|2
Social Psychology|Psychology
Psychology|Social Sciences (Domain)
Genomic Selection in Plant and Animal Breeding|Genetics|1
Genomic Insights into Social Insects and Symbiosis|Genetics|1
Human Attitudes and Interactions with Animals and Plants|Social Psychology|4
Malaria Parasites in Birds|Parasitology|4
Parasitology|Immunology and Microbiology
Evolutionary Dynamics of Mammals and Their Ancestors|Paleontology|2
Ecology and Behavior of Bats|Ecology, Evolution, Behavior and Systematics|5
Tourism and its Impact on Communities|Sociology and Political Science|11
Anterior Cruciate Ligament Injuries in Athletes|Surgery|1
Surgery|Medicine
Aquatic Ecotoxicology and Biomarkers of Pollution|Health, Toxicology and Mutagenesis|21
Ecological Effects of Roads on Wildlife and Habitat Connectivity|Ecology|7
Factors Affecting Sagebrush Ecosystems and Wildlife Conservation|Ecology|1
Impact of Climate Change on Forest Wildfires|Global and Planetary Change|4
Social Acceptance of Renewable Energy Innovation|Sociology and Political Science|18
Biodiversity Conservation and Ecosystem Management|Nature and Landscape Conservation|14
Ecological Impact of Invasive Species on Islands|Ecology|15
Wind Energy Technology and Aerodynamics|Aerospace Engineering|14
Global E-Waste Recycling and Management|Industrial and Manufacturing Engineering (Environmental Science)|73
Solid Waste Management|Industrial and Manufacturing Engineering (Environmental Science)|3
Impact of Pesticides on Honey Bee Health|Insect Science|3
Insect Science|Agricultural and Biological Sciences
Remote Sensing in Vegetation Monitoring and Phenology|Ecology|4
Management of Water Quality and Pollution|Water Science and Technology|1
Human Impact on Marine Ecology and Fisheries|Ecology|2
Impact of Oil Palm Expansion on Biodiversity|Ecology|23
Biodiversity of Vascular Plants in Korea|Plant Science|15
Molecular Systematics of Gesneriaceae and Allies|Molecular Biology|29
Drivers and Impacts of Forest Pest Dynamics|Ecology|4
Parasitism of Snails and Associated Diseases|Insect Science|1
Therapeutic Potential of Boswellic Acids and Related Compounds|Pharmacology (Medicine)|1
Pharmacology (Medicine)|Medicine
Diversity and Phylogeny of Earthworms|Ecology, Evolution, Behavior and Systematics|9
Lichen Symbiotic Relationships and Ecological Impact|Ecology, Evolution, Behavior and Systematics|3
Mycorrhizal Fungi and Plant Interactions|Plant Science|6
Diversity and Conservation of Vascular Plants in Central Europe|Plant Science|13
Diversity and Evolution of Fungal Pathogens|Cell Biology|14
Cell Biology|Biochemistry, Genetics and Molecular Biology
Evolution and Diversity of Vascular Epiphytes and Ferns|Ecology, Evolution, Behavior and Systematics|2
Vascular Flora of Mediterranean Europe and North Africa|Plant Science|2
Biomimetic Nanotechnology in Material Synthesis and Assembly|Biomaterials|3
Biomaterials|Materials Science
Materials Science|Physical Sciences
Carbon Dynamics in Peatland Ecosystems|Ecology|8
Integrated Management of Water, Energy, and Food Resources|Water Science and Technology|7
Evolution and Classification of Flowering Plants|Ecology, Evolution, Behavior and Systematics|3
Phylogeny and Evolution of Grasses (Poaceae)|Ecology, Evolution, Behavior and Systematics|11
Systematics and Phylogeny of Brassicaceae|Ecology, Evolution, Behavior and Systematics|3
Saproxylic Insect Ecology and Forest Management|Insect Science|2
Aeolian Geomorphology and Wind Erosion Dynamics|Earth-Surface Processes|34
Detection and Impact of Oil Spills|Pollution|20
Bioactive Compounds in Seaweed|Aquatic Science|9
Diversity and Evolution of Bryophytes|Ecology, Evolution, Behavior and Systematics|3
Evolution and Ecology of Endophyte-Grass Symbiosis|Ecology, Evolution, Behavior and Systematics|2
Medicinal Plants and Their Bioactivities|Plant Science|1
Phylogenetic Analysis of Spiders and Their Evolution|Genetics|1
Artificial Diet Rearing System for Silkworm Bombyx mori|Insect Science|1
Diversity and Applications of Cyperus Species|Plant Science|1
Evolution and Nutritional Properties of Lupin Seeds|Ecology, Evolution, Behavior and Systematics|1
Regulation of Seed Dormancy and Germination|Plant Science|1
Molecular Mechanisms of Plant Development and Regulation|Plant Science|1
Hydrogen Energy Systems and Technologies|Energy Engineering and Power Technology|7
Energy Engineering and Power Technology|Energy
Energy|Physical Sciences
Integration of Renewable Energy Systems in Power Grids|Electrical and Electronic Engineering|4
Global Energy Transition and Fossil Fuel Depletion|Renewable Energy, Sustainability and the Environment|9
Renewable Energy, Sustainability and the Environment|Energy
Economic Impact of Environmental Policies and Resources|Economics and Econometrics|1
Emerging Zoonotic Diseases and One Health Approach|Public Health, Environmental and Occupational Health|2
Public Health, Environmental and Occupational Health|Medicine
The Exposome in Environmental Health Research|Health, Toxicology and Mutagenesis|2
Wave Energy Conversion Technologies and Resource Assessment|Ocean Engineering|8
Coastal Hydrophysical Processes in Shallow Water Basins|Earth-Surface Processes|4
Impact of Climate Change on Ecosystems and Industries|Global and Planetary Change|1
Rock Mechanics and Wave Propagation in Geomedia|Mechanics of Materials|1
Underground Coal Gasification: Fundamentals and Applications|Mechanical Engineering|1
Geological Evolution of the Arctic Region|Geology|8
Impact of Urban Green Space on Public Health|Health, Toxicology and Mutagenesis|14
Effects of Noise Pollution on Health and Well-being|Speech and Hearing|4
Speech and Hearing|Health Professions
Urban Heat Islands and Mitigation Strategies|Environmental Engineering|2
Natural Products as Sources of New Drugs|Pharmacology (Medicine)|15
Pharmacological Effects of Licorice Roots|Pharmacology (Pharmacology, Toxicology and Pharmaceutics)|1
Pharmacology (Pharmacology, Toxicology and Pharmaceutics)|Pharmacology, Toxicology and Pharmaceutics
Pharmacology, Toxicology and Pharmaceutics|Life Sciences
Judicial Review in European Legal Systems|Political Science and International Relations|1
Political Science and International Relations|Social Sciences (Field)
Cruise Tourism in the Caribbean and Beyond|Transportation|10
Transportation|Social Sciences (Field)
Life History and Ecology of Seahorses|Aquatic Science|1
Influence of Climate on Human Conflict|Sociology and Political Science|3
Fiber Reinforced Concrete in Civil Engineering|Civil and Structural Engineering|2
Civil and Structural Engineering|Engineering
Fiber-Reinforced Polymer Composites in Construction|Building and Construction|1
Building and Construction|Engineering
Reinforcement Corrosion in Concrete Structures|Civil and Structural Engineering|2
Factors Influencing Pro-environmental Behavior|Management, Monitoring, Policy and Law|5
Olfactory Dysfunction in Health and Disease|Sensory Systems|1
Sensory Systems|Neuroscience
Neuroscience|Life Sciences
Optimization of Container Terminal Operations and Logistics|Industrial and Manufacturing Engineering (Engineering)|7
Industrial and Manufacturing Engineering (Engineering)|Engineering
Evolution of Cooperation and Altruism in Social Systems|Sociology and Political Science|3
Polyamines and Biogenic Amines in Biology and Health|Molecular Biology|1
Role of Nrf2 Signaling in Oxidative Stress Response|Molecular Biology|1
Characteristics, Failure, and Remediation of Mine Tailings Dams|Civil and Structural Engineering|1
Democratization and Decentralization in Indonesia|Sociology and Political Science|2
Multiculturalism and Social Control in Singapore|Sociology and Political Science|1
Impacts of Warfare on Environment and Food Security|Management, Monitoring, Policy and Law|1
Geopolymer and Alternative Cementitious Materials|Civil and Structural Engineering|1
Land Use Change and Environmental Impact in China|Global and Planetary Change|2
Immunological Responses in Aquatic Organisms|Immunology|12
Immunology|Immunology and Microbiology
Lifestyle Migration and Retirement Mobility|Demography|3
3D Geospatial Modelling Techniques|Geology|1
Mapping Forests with Lidar Remote Sensing|Environmental Engineering|7
Synthetic Aperture Radar Interferometry|Aerospace Engineering|4
Evolution and Sustainability of Livestock Farming Systems|Ecology, Evolution, Behavior and Systematics|1
Impact of Food Insecurity on Health Outcomes|General Health Professions|1
Tectonic and Geochronological Evolution of Orogens|Geophysics|10
Seismicity and Tectonic Plate Interactions|Geophysics|11
Climate Change and Sustainable Development|Global and Planetary Change|1
Subsea Oil and Gas Technology|Ocean Engineering|6
Sedimentary Processes in Earth's Geology|Earth-Surface Processes|58
Viral Hemorrhagic Fevers and Zoonotic Infections|Infectious Diseases|2
Infectious Diseases|Medicine
Global Impact of Arboviral Diseases|Public Health, Environmental and Occupational Health|1
Hyperspectral Image Analysis and Classification|Media Technology|3
Media Technology|Engineering
Economic Implications of Climate Change Policies|Economics and Econometrics|3
Microbial Bioremediation of Organic Pollutants|Pollution|2
Chemistry and Biology of Antitumor Antibiotics|Cancer Research|5
Cancer Research|Biochemistry, Genetics and Molecular Biology
Ecological Dynamics of African Great Lakes|Ecology|5
Ship Recycling and Offshore Decommissioning|Ocean Engineering|17
Applications of Remote Sensing in Geoscience and Agriculture|Atmospheric Science|2
Perceptions and Communication of Climate Change|Sociology and Political Science|4
The Impact of Digital Media on Public Discourse|Communication|1
Communication|Social Sciences (Field)
Mapping Groundwater Potential Zones Using GIS Techniques|Environmental Engineering|1
Automatic Keyword Extraction from Textual Data|Artificial Intelligence|1
Hydrological Modeling and Water Resource Management|Water Science and Technology|6
Economic and Environmental Dynamics of New Zealand|Economics and Econometrics|1
Global Drought Monitoring and Assessment|Global and Planetary Change|2
Optimal Operation of Water Resources Systems|Ocean Engineering|2
Land Tenure and Property Rights in Agriculture|Soil Science|1
Soil Science|Agricultural and Biological Sciences
Plant Responses to Flooding Stress|Plant Science|11
Multidisciplinary Research in Indonesia|Demography|16
Social and Cultural Development in Vietnam|Sociology and Political Science|1
Socio-Demographic and Political Dynamics in Cambodia|Sociology and Political Science|2
Models for Reducing Power Consumption in Computing Systems|Hardware and Architecture|1
Hardware and Architecture|Computer Science
Impact of Big Data on Society and Industry|Information Systems and Management|1
Impact of Food Processing on Nutrient Composition|Food Science|1
Soil Erosion and Agricultural Sustainability|Soil Science|7
Symbiotic Nitrogen Fixation in Legumes|Plant Science|2
Estimation of Forest Biomass and Carbon Stocks|Nature and Landscape Conservation|1
Cyanogenic Glycosides in Plants and Industrial Wastewaters|Plant Science|4
Characterization of Shale Gas Pore Structure|Mechanics of Materials|27
Interdependence in Science and Society|Sociology and Political Science|2
Ecological Rewilding and Conservation Ethics|Nature and Landscape Conservation|2
Application of Constructed Wetlands for Wastewater Treatment|Industrial and Manufacturing Engineering (Environmental Science)|2
DNA Barcoding for Lepidoptera Taxonomy and Evolution|Genetics|1
Plant-Parasitic Nematodes in Molecular Plant Pathology|Plant Science|2
Geodynamic Evolution of Western Mediterranean Region|Geophysics|3
Chromium Bioremediation and Health Impacts|Health, Toxicology and Mutagenesis|1
Sustainable Development in Mining and Minerals Industry|Building and Construction|16
Invertebrate Immunity and Host Defense Mechanisms|Immunology|3
Environmental Impacts of Fukushima Nuclear Disaster|Global and Planetary Change|17
Olefin Metathesis Chemistry|Organic Chemistry|1
Organic Chemistry|Chemistry
Landslide Hazards and Risk Assessment|Management, Monitoring, Policy and Law|3
Advanced Techniques in Reservoir Management|Ocean Engineering|4
Hydraulic Fracturing in Shale Gas Reservoirs|Mechanical Engineering|2
Seismic Waveform Inversion in Geophysics|Geophysics|2
Biological Soil Crusts and their Roles in Ecosystems|Ecology, Evolution, Behavior and Systematics|2
Solar Water Splitting Technology|Renewable Energy, Sustainability and the Environment|1
Genomic Analysis of Ancient DNA|Genetics|1
Patent Foramen Ovale and Cerebrovascular Events|Pulmonary and Respiratory Medicine|2
Chemistry of Actinide and Lanthanide Elements|Inorganic Chemistry|13
Inorganic Chemistry|Chemistry
Geological Modeling and Uncertainty Analysis|Geochemistry and Petrology|1
Mantle Dynamics and Earth's Structure|Geophysics|2
Evolutionary Innovations and Conservation of Cycads|Ecology, Evolution, Behavior and Systematics|1
Microalgae as a Source for Biofuels Production|Renewable Energy, Sustainability and the Environment|3
Principles and Governance of International Environmental Law|Management, Monitoring, Policy and Law|4
Sources and Effects of Ionizing Radiation on Human Health|Radiological and Ultrasound Technology|9
Radiological and Ultrasound Technology|Health Professions
Diversity and Function of Gut Microbiome|Molecular Biology|4
Geodynamics of the Northern Andes and Caribbean Region|Geophysics|1
Antimicrobial Peptides in Host Defense and Therapy|Microbiology|2
Molecular Chaperones in Protein Folding and Disease|Molecular Biology|1
Magnetosome Formation in Prokaryotes|Molecular Biology|2
Metabolic Engineering and Synthetic Biology|Molecular Biology|3
Reproductive Physiology and Endocrine Disruption in Fish|Physiology (Biochemistry, Genetics and Molecular Biology)|9
Physiology (Biochemistry, Genetics and Molecular Biology)|Biochemistry, Genetics and Molecular Biology
Impact of Tsunami on Structures and Infrastructure|Civil and Structural Engineering|1
Marine Safety and Industrial Risk Management|Ocean Engineering|1
Understanding Human Connection to Places|Sociology and Political Science|5
Agroecology and Global Food Systems|General Agricultural and Biological Sciences|1
General Agricultural and Biological Sciences|Agricultural and Biological Sciences
Psychological and Sociocultural Aspects of Extreme Sports|Social Psychology|2
Fashion Trends among Generation Z|Cultural Studies|1
Cultural Studies|Social Sciences (Field)
Volunteer Tourism and Global Development Impacts|Demography|1
Comparative Analysis of Networking Dynamics in the Middle East and Asia|Sociology and Political Science|1
Rural Development and Change in Agricultural Landscapes|General Agricultural and Biological Sciences|2
Advancements in Water Purification Technologies|Water Science and Technology|6
Solar-Powered Water Desalination Technologies|Renewable Energy, Sustainability and the Environment|1
Concepts and Determinants of Regional Economic Resilience|Economics and Econometrics|1
Adaptation to Climate Change in Agriculture|Ecology, Evolution, Behavior and Systematics|6
Cross-Border Regions in Europe and North America|Political Science and International Relations|1
Human Evolution and Behavioral Modernity|Anthropology|2
Anthropology|Social Sciences (Field)
Radiocarbon Dating and Agricultural Origins|Paleontology|3
Transformation of Rural Settlement Patterns in Russia|Demography|1
Waterborne Disease Outbreaks and Pathogen Transport|Water Science and Technology|5
Global Burden of Child Injury Prevention|Public Health, Environmental and Occupational Health|4
Neonatal Lung Development and Respiratory Morbidity|Pulmonary and Respiratory Medicine|1
Influence of Built Environment on Active Travel|Transportation|7
Analysis of Traffic Safety and Driver Behavior|Safety, Risk, Reliability and Quality|1
Safety, Risk, Reliability and Quality|Engineering
Forensic Toxicology Methods and Analysis|Toxicology|2
Toxicology|Pharmacology, Toxicology and Pharmaceutics
Nanotoxicology and Antimicrobial Nanoparticles|Materials Chemistry|7
Materials Chemistry|Materials Science
Understanding Attitudes Towards Public Transport and Private Car|Transportation|1
Gastrointestinal Viral Infections and Vaccines Development|Infectious Diseases|2
Hepatitis E Infection and Treatment|Hepatology|1
Hepatology|Medicine
Maternal and Child Nutrition in Developing Countries|Nutrition and Dietetics|13
Nutrition and Dietetics|Nursing
Nursing|Health Sciences
Principles and Applications of Green Chemistry|Environmental Chemistry|3
Role of Positive Emotions in Well-Being|Social Psychology|1
Effects of Residential Segregation on Communities and Individuals|Sociology and Political Science|2
Health Effects of Air Pollution|Health, Toxicology and Mutagenesis|12
Dynamics and Pathogenesis of Cholera Bacteria|Endocrinology|6
Endocrinology|Biochemistry, Genetics and Molecular Biology
Risk Perception and Communication in Society|Sociology and Political Science|3
Impact of Social Factors on Health Outcomes|Health|4
Indoor Air Quality and Health Effects|Health, Toxicology and Mutagenesis|4
Biodegradable Polymers as Biomaterials and Packaging|Biomaterials|10
Global Trends in Obesity and Overweight Research|Public Health, Environmental and Occupational Health|3
Supporting Health Care Transition from Adolescence to Adulthood|Speech and Hearing|1
Effects of Physical Activity on Health Outcomes|Physiology (Medicine)|1
Role of Omega-3 Fatty Acids in Health|Nutrition and Dietetics|3
Role of Mediterranean Diet in Health Outcomes|Public Health, Environmental and Occupational Health|2
Bacterial Biofilms and Quorum Sensing Mechanisms|Molecular Biology|1
Global Burden of Foodborne Pathogens|Food Science|2
Global Challenge of Antibiotic Resistance in Bacteria|Molecular Medicine|7
Molecular Medicine|Biochemistry, Genetics and Molecular Biology
Global Burden of Antimicrobial Resistance|Applied Microbiology and Biotechnology|1
Applied Microbiology and Biotechnology|Immunology and Microbiology
Environmental Justice and Inequality in Urban Development|Sociology and Political Science|3
Computational Methods in Drug Discovery|Computational Theory and Mathematics|2
Computational Theory and Mathematics|Computer Science
Estimating Vehicle Fuel Consumption and Emissions|Automotive Engineering|4
Automotive Engineering|Engineering
Occurrence and Health Effects of Drinking Water Disinfection By-Products|Health, Toxicology and Mutagenesis|18
Mechanisms of Skin Aging and Photodamage|Dermatology|3
Dermatology|Medicine
Role of Autophagy in Disease and Health|Epidemiology|3
Role of Sirtuins in Health and Aging|Geriatrics and Gerontology|1
Geriatrics and Gerontology|Medicine
Lysosomal Calcium Signaling in Physiology and Pathology|Physiology (Biochemistry, Genetics and Molecular Biology)|1
Pulmonary Drug Delivery Techniques|Pulmonary and Respiratory Medicine|2
Standardisation and Management of COPD|Pulmonary and Respiratory Medicine|1
Metal-Induced Oxidative Stress and Health Effects|Health, Toxicology and Mutagenesis|7
Amyotrophic Lateral Sclerosis and Frontotemporal Dementia|Neurology|1
Neurology|Medicine
Low-Cost Air Quality Monitoring Systems|Environmental Engineering|1
Psychological Resilience and Well-being|Clinical Psychology|2
Clinical Psychology|Psychology
Impact of Homelessness on Health and Well-being|General Health Professions|2
Malignant Pleural Mesothelioma Research|Pulmonary and Respiratory Medicine|1
Urban Agriculture and Community Development|Plant Science|1
Neural Mechanisms of Respiratory Control and Homeostasis|Endocrine and Autonomic Systems|3
Endocrine and Autonomic Systems|Neuroscience
Salutogenesis and Sense of Coherence in Health|General Health Professions|1
Disaster Response and Public Health Preparedness|Emergency Medical Services|2
Emergency Medical Services|Health Professions
Posttraumatic Stress Disorder and Human Resilience|Clinical Psychology|1
Migration Networks and Impacts on Labor Market|Sociology and Political Science|2
Chemistry and Applications of Fullerenes|Organic Chemistry|1
Biomedical Applications of Graphene Nanomaterials|Biomedical Engineering|1
Diamond Nanotechnology and Applications|Materials Chemistry|1
Health Risks and Diseases in Travelers|Public Health, Environmental and Occupational Health|2
Fate and Effects of Surfactants in the Environment|Environmental Chemistry|3
Animal Research Studies|Small Animals|1
Challenges in Medical Waste Management during COVID-19 Pandemic|Public Health, Environmental and Occupational Health|2
Marine Resource Management in Indonesia|Management, Monitoring, Policy and Law|1
Assessment and Enhancement of Infrastructure Resilience|Civil and Structural Engineering|1
Phosphorus Recovery and Sustainable Management|Industrial and Manufacturing Engineering (Environmental Science)|2
Soil Carbon Dynamics and Nutrient Cycling in Ecosystems|Soil Science|3
Global Impact of Gas Flaring|Renewable Energy, Sustainability and the Environment|1
Hydrological Modeling using Machine Learning Methods|Environmental Engineering|1
Sustainable Diets and Environmental Impact|Ecology|4
Perfluoroalkyl and Polyfluoroalkyl Substances in the Environment|Environmental Chemistry|22
Effects of Beta-Adrenergic Agonists in Livestock|Animal Science and Zoology|2
DNA Nanotechnology and Bioanalytical Applications|Molecular Biology|7
Wastewater Reuse and Management Practices|Industrial and Manufacturing Engineering (Environmental Science)|3
Analysis of Pesticide Residues in Food|Food Science|2
Advanced Oxidation Processes for Water Treatment|Water Science and Technology|4
Evolutionary Dynamics of Genetic Adaptation and Mutation|Genetics|1
Pharmacokinetics of Antibiotics in Critically Ill Patients|Pharmacology (Medicine)|4
Safety and Management of Nuclear Fuel Transportation|Safety, Risk, Reliability and Quality|4
Scintillation Detector Technology|Radiation|1
Radiation|Physics and Astronomy
Physics and Astronomy|Physical Sciences
Perchlorate Contamination and Health Effects|Health, Toxicology and Mutagenesis|2
Application of Partially Ordered Sets in Chemistry Research|Physical and Theoretical Chemistry|1
Physical and Theoretical Chemistry|Chemistry
Chemistry and Applications of Antimicrobial Polymers|Organic Chemistry|1
Genotoxicity and Carcinogenesis Mechanisms|Cancer Research|1
Pesticide Pollution and Management|Pollution|2
Novel Methods for Cesium Removal from Wastewater|Industrial and Manufacturing Engineering (Environmental Science)|1
Epidemiology and Pathogenesis of Pneumocystis Pneumonia|Epidemiology|1
Epidemiology and Molecular Characterization of Parasitic Diseases|Parasitology|1
Nucleotide Metabolism and Enzyme Regulation|Molecular Biology|2
Fluoride Contamination in Drinking Water and Defluoridation Methods|Water Science and Technology|1
Economics of Pharmaceutical Research and Development|Economics and Econometrics|2
Immunogenicity of Biosimilar Therapeutics in Drug Development|Immunology|2
Paper-Based Diagnostic Devices|Biomedical Engineering|1
Energy Consumption in Mobile Devices and Networks|Electrical and Electronic Engineering|1
Impact of Information Technology Infrastructure on Various Sectors|Information Systems|1
Urban Metabolism and Sustainability Assessment|Environmental Engineering|2
Ecological Dynamics of Riverine Landscapes|Ecology|6
Consequences of Mortgage Credit Expansion and Housing Market Dynamics|Economics and Econometrics|1
Politics and Poetics of Water Infrastructure|Political Science and International Relations|2
Social and Environmental Impacts of Dam-induced Displacement|Sociology and Political Science|2
Anthropology of Globalization and Neoliberal Governmentality|Anthropology|1
Maritime Security and Piracy in Asia-Pacific Region|Transportation|2
Fiber Optic Sensor Technology|Electrical and Electronic Engineering|1
Rotational Seismology and Engineering Applications|Ocean Engineering|1
Sustainable Agricultural Development and Resource Management|General Agricultural and Biological Sciences|2
Hydrodynamic Analysis of Ship Behavior and Performance|Ocean Engineering|2
Legal Recognition of Nature's Rights and Environmental Governance|Law|2
Law|Social Sciences (Field)
Impact of International Trade on Productivity and Growth|General Economics, Econometrics and Finance|2
General Economics, Econometrics and Finance|Economics, Econometrics and Finance
Technology Readiness Assessment and Evaluation|Safety, Risk, Reliability and Quality|1
Gender Imbalance in East and South Asia|Gender Studies|1
Gender Studies|Social Sciences (Field)
Human Rights and Development in Global Governance|Sociology and Political Science|1
Global Impact of Helminth Infections and Control Strategies|Parasitology|1
Plant Biostimulants in Agriculture and Horticulture|Plant Science|1
Nutritional Strategies for Ruminant Health and Production|Agronomy and Crop Science|2
Agronomy and Crop Science|Agricultural and Biological Sciences
Battery Recycling and Rare Earth Recovery|Mechanical Engineering|6
Biohydrometallurgical Processes for Metal Extraction|Biomedical Engineering|3
Building Resilient Supply Chain|Strategy and Management|1
Machine Learning for Mineral Prospectivity Mapping|Artificial Intelligence|3
Operations Research in Mine Planning|Control and Systems Engineering|1
Environmental Impacts of Solar Energy Technologies|Environmental Engineering|4
Measurement and Evaluation of Sustainable Development|Management, Monitoring, Policy and Law|2
Corporate Social Responsibility and Financial Performance|Strategy and Management|1
Institutional Theory and Organizational Change|Organizational Behavior and Human Resource Management|1
Cultural Capital and Social Class in Education|Sociology and Political Science|1
Infrared Detector Technologies|Electrical and Electronic Engineering|1
Thin-Film Solar Cell Technology|Electrical and Electronic Engineering|1
Application of Diagnostic Techniques in Oil Wells|Ocean Engineering|1
Environmental History of the United States|Management, Monitoring, Policy and Law|1
Applications of Ground-Penetrating Radar in Geoscience and Engineering|Ocean Engineering|2
Cultural and Social Dynamics in the Caribbean Region|Cultural Studies|1
History and Culture of Central America and Caribbean|History|1
History|Arts and Humanities
Organized Crime and Criminal Networks Analysis|Sociology and Political Science|1
Foreign Aid and Development Policies|Development|1
Development|Social Sciences (Field)
African Diaspora and Transnational Trade in China|Anthropology|1
Modeling and Assessment of Pipeline Corrosion Damage|Mechanical Engineering|1
Acoustic Metamaterials and Phononic Crystals|Biomedical Engineering|1
Stochastic Thermodynamics and Fluctuation Theorems|Statistical and Nonlinear Physics|1
Statistical and Nonlinear Physics|Physics and Astronomy
Geothermal Energy Technology and Applications|Renewable Energy, Sustainability and the Environment|3
Effects of Heat Stress on Livestock Production|Animal Science and Zoology|1
Impact of Road Salt on Freshwater Salinization|Pollution|1
Leisure Activities and Subjective Well-Being Relationship|Social Psychology|1
Neoliberal Urbanization and Gentrification Studies|Urban Studies|1
Urban Studies|Social Sciences (Field)
Cavitation in Hydropower Systems and Turbines|Mechanics of Materials|1
Aviation's Impact on Global Climate Change|Global and Planetary Change|1
Control and Synchronization in Microgrid Systems|Control and Systems Engineering|2
Load Frequency Control in Power Systems|Electrical and Electronic Engineering|1
Lithium-ion Battery Management in Electric Vehicles|Automotive Engineering|1
Development and Impacts of Bioenergy Crops|Agronomy and Crop Science|1
Technologies for Biofuel Production from Biomass|Biomedical Engineering|1
Biomass and Bioenergy in the Bioeconomy|General Agricultural and Biological Sciences|1
Multijunction Solar Cell Technology|Electrical and Electronic Engineering|3
Solar Thermal Energy Technologies|Renewable Energy, Sustainability and the Environment|2
Photovoltaic Maximum Power Point Tracking Techniques|Renewable Energy, Sustainability and the Environment|2
Carbon Dioxide Sequestration in Geological Formations|Environmental Engineering|2
Science and Technology of Capacitive Deionization for Water Desalination|Biomedical Engineering|2
Nanofluidics and Nanopore Technology|Biomedical Engineering|2
Technical Aspects of Biodiesel Production|Biomedical Engineering|2
Machine Learning Methods for Solar Radiation Forecasting|Artificial Intelligence|1
Aqueous Zinc-Ion Battery Technology|Electrical and Electronic Engineering|1
Characterization and Behavior of Nuclear Graphite Materials|Materials Chemistry|1
Icing Mitigation Techniques for Wind Turbines and Aircraft|Aerospace Engineering|1
Legal Aspects of International Trade and Shipping|Accounting|2
Accounting|Business, Management and Accounting
Role of Quinones in Toxicology and Pharmacology|Toxicology|1
Analysis of Intellectual Property Rights and Innovation|Management of Technology and Innovation|3
Management of Technology and Innovation|Business, Management and Accounting
Advancements in Biomedical Science and Health Research|Reproductive Medicine|1
Reproductive Medicine|Medicine
Advances in Metabolomics Research|Molecular Biology|4
Mass Spectrometry Techniques|Spectroscopy|1
Spectroscopy|Chemistry
Mass Spectrometry Techniques with Proteins|Spectroscopy|2
Microbial Enzymes and Biotechnological Applications|Biotechnology|1
Enzyme Immobilization Techniques|Molecular Biology|1
Impact of Genetically Modified Crops in Agriculture|Plant Science|2
Bioactive Peptides in Food and Health|Molecular Biology|3
Catalytic Oxidation of Alcohols|Organic Chemistry|1
Analysis of Gene Interaction Networks|Molecular Biology|2
Advanced Techniques in Bioimage Analysis and Microscopy|Biophysics|1
Biophysics|Biochemistry, Genetics and Molecular Biology
Challenges and Innovations in Bioinformatics Education|Molecular Biology|1
Microarray Data Analysis and Gene Expression Profiling|Molecular Biology|3
Peptide Synthesis and Drug Discovery|Molecular Biology|1
Global Health Biotechnology and Innovation|Public Health, Environmental and Occupational Health|6
Transgenic Animal Research|Genetics|3
Probiotics and Prebiotics|Food Science|2
Prediction of Protein Subcellular Localization|Molecular Biology|1
Ribosome Structure and Translation Mechanisms|Molecular Biology|1
Therapeutic Antibodies: Development, Engineering, and Applications|Radiology, Nuclear Medicine and Imaging|1
Radiology, Nuclear Medicine and Imaging|Medicine
Role of Fructans in Nutrition and Health|Nutrition and Dietetics|1
Significance of Phytic Acid in Nutrition and Agriculture|Plant Science|1
Lipid Metabolism and Storage in Organisms|Biochemistry|2
Biochemistry|Biochemistry, Genetics and Molecular Biology
Therapeutic Advances in Cystic Fibrosis Research|Pulmonary and Respiratory Medicine|1
Clustered Regularly Interspaced Short Palindromic Repeats and CRISPR-associated proteins|Molecular Biology|2
Health Economics and Quality of Life Assessment|Economics and Econometrics|1
Genomic Landscape of Cancer and Mutational Signatures|Cancer Research|1
Regulation of Stem Cell Therapies and Clinics|Physiology (Medicine)|1
Formation and Evolution of the Solar System|Astronomy and Astrophysics|1
Astronomy and Astrophysics|Physics and Astronomy
Tensor Decompositions and Applications in Multilinear Algebra|Computational Mathematics|1
Computational Mathematics|Mathematics
Mathematics|Physical Sciences
Global Trends in Industry Self-Regulation and Compliance|Strategy and Management|1
Enhancing Workplace Safety Culture and Practices|Radiological and Ultrasound Technology|2
Territorial Governance and Environmental Participation|Sociology and Political Science|1
Ecological Assessment and Urban Development|Ecology|1
Rangeland Degradation and Pastoral Livelihoods|Management, Monitoring, Policy and Law|1
Temporal, Spatial, and Social Aspects of Cultural Heritage Studies|Archeology|1
Climate Change Impacts on Forest Carbon Sequestration|Global and Planetary Change|1
Politics and Society in Southeast Asia|Political Science and International Relations|1
Archaeological Remote Sensing using Remote Sensing Techniques|Space and Planetary Science|1
Space and Planetary Science|Earth and Planetary Sciences
Economic Impact of Special Economic Zones|General Economics, Econometrics and Finance|1
Risk Management and Vulnerability in Agriculture|Soil Science|1
